{"y_test":{"0":0,"1":0,"2":0,"5":0,"13":0,"14":0,"9":0,"16":0,"20":0,"25":0,"31":0,"29":0,"19":0,"23":0,"34":0,"33":0,"48":0,"50":0,"57":0,"56":0,"43":0,"46":0,"15":720,"44":720,"7":720,"30":1440,"42":2160,"59":2160,"35":2400,"38":2400,"22":2880,"11":4800,"27":7200,"36":7200,"49":7200,"10":9600,"4":12000,"24":12000,"21":16800,"55":16800,"39":21600,"58":21600,"3":21600,"37":24000,"17":24000,"47":24000,"8":28800,"6":33600,"53":33600,"40":36000,"41":36000,"18":36000,"45":36000,"32":36000,"51":48000,"54":48000,"52":48000,"28":67200,"12":67200,"26":67200},"y_pred":{"0":1540.8264160156,"1":2428.970703125,"2":1882.5699462891,"5":882.4044799805,"13":7010.537109375,"14":1931.5812988281,"9":2445.9851074219,"16":4294.091796875,"20":5014.763671875,"25":5449.1508789062,"31":3031.8090820312,"29":2073.0708007812,"19":4888.8720703125,"23":6109.2509765625,"34":3367.1247558594,"33":13635.544921875,"48":5610.1723632812,"50":4803.146484375,"57":1946.5406494141,"56":1663.2189941406,"43":4867.4135742188,"46":3975.0676269531,"15":1965.6219482422,"44":2220.0131835938,"7":1884.080078125,"30":2159.4262695312,"42":3316.6198730469,"59":1925.4129638672,"35":4092.5187988281,"38":3236.4184570312,"22":4622.8642578125,"11":1793.4263916016,"27":2530.7321777344,"36":2732.8503417969,"49":2809.6391601562,"10":4472.85546875,"4":2445.0485839844,"24":26663.201171875,"21":34939.6328125,"55":22139.31640625,"39":35018.4921875,"58":1834.8043212891,"3":1883.6811523438,"37":29813.54296875,"17":31374.3671875,"47":28572.087890625,"8":2929.8020019531,"6":47046.71484375,"53":30962.015625,"40":37416.69140625,"41":30252.234375,"18":36688.03515625,"45":37005.4609375,"32":27112.435546875,"51":41183.015625,"54":35562.76171875,"52":26879.09375,"28":46268.05859375,"12":41172.98046875,"26":33494.359375}}