{"y_test":{"0":0,"1":0,"2":0,"5":0,"13":0,"14":0,"9":0,"16":0,"20":0,"25":0,"31":0,"29":0,"19":0,"23":0,"34":0,"33":0,"48":0,"50":0,"57":0,"56":0,"43":0,"46":0,"15":720,"44":720,"7":720,"30":1440,"42":2160,"59":2160,"35":2400,"38":2400,"22":2880,"11":4800,"27":7200,"36":7200,"49":7200,"10":9600,"4":12000,"24":12000,"21":16800,"55":16800,"39":21600,"58":21600,"3":21600,"37":24000,"17":24000,"47":24000,"8":28800,"6":33600,"53":33600,"40":36000,"41":36000,"18":36000,"45":36000,"32":36000,"51":48000,"54":48000,"52":48000,"28":67200,"12":67200,"26":67200},"y_pred":{"0":5692.6005859375,"1":3498.4467773438,"2":4349.0888671875,"5":6135.6396484375,"13":0.0,"14":5428.076171875,"9":4114.8227539062,"16":2367.0561523438,"20":5005.3911132812,"25":196.5613555908,"31":1971.8489990234,"29":3771.8151855469,"19":509.8372497559,"23":333.935760498,"34":2523.1123046875,"33":3707.8166503906,"48":854.8607788086,"50":1304.6665039062,"57":4517.3095703125,"56":4938.4047851562,"43":0.0,"46":3451.1411132812,"15":4311.3022460938,"44":3272.2670898438,"7":4694.23046875,"30":4637.2783203125,"42":5645.984375,"59":5230.3447265625,"35":1908.3193359375,"38":2989.3803710938,"22":1831.4891357422,"11":5063.0322265625,"27":3577.25390625,"36":3559.2360839844,"49":3534.9951171875,"10":1352.4102783203,"4":4439.9248046875,"24":26195.220703125,"21":30275.001953125,"55":25579.28125,"39":38570.68359375,"58":4908.8901367188,"3":4645.7158203125,"37":36143.7890625,"17":33928.9375,"47":30330.6640625,"8":3155.6499023438,"6":46174.05859375,"53":22904.791015625,"40":39601.28515625,"41":34187.64453125,"18":46933.03515625,"45":44336.00390625,"32":40073.15625,"51":38496.8359375,"54":38516.9296875,"52":39698.625,"28":56963.234375,"12":50007.671875,"26":33290.02734375}}