{"y_test":{"0":0,"1":0,"2":0,"5":0,"13":0,"14":0,"9":0,"16":0,"20":0,"25":0,"31":0,"29":0,"19":0,"23":0,"34":0,"33":0,"48":0,"50":0,"57":0,"56":0,"43":0,"46":0,"15":720,"44":720,"7":720,"30":1440,"42":2160,"59":2160,"35":2400,"38":2400,"22":2880,"11":4800,"27":7200,"36":7200,"49":7200,"10":9600,"4":12000,"24":12000,"21":16800,"55":16800,"39":21600,"58":21600,"3":21600,"37":24000,"17":24000,"47":24000,"8":28800,"6":33600,"53":33600,"40":36000,"41":36000,"18":36000,"45":36000,"32":36000,"51":48000,"54":48000,"52":48000,"28":67200,"12":67200,"26":67200},"y_pred":{"0":5764.2319335938,"1":4172.1137695312,"2":4657.072265625,"5":6621.9946289062,"13":0.0,"14":5587.974609375,"9":3144.6357421875,"16":1849.5517578125,"20":3419.2583007812,"25":0.0,"31":1497.0479736328,"29":4414.4990234375,"19":0.0,"23":0.0,"34":1518.3798828125,"33":3283.9094238281,"48":45.4155197144,"50":1005.0214233398,"57":4793.6821289062,"56":4293.814453125,"43":0.0,"46":2917.4389648438,"15":4874.3193359375,"44":3219.7761230469,"7":4872.4497070312,"30":5006.4516601562,"42":4358.4340820312,"59":5660.6005859375,"35":2363.109375,"38":2994.5283203125,"22":1246.0679931641,"11":5452.5590820312,"27":3257.9995117188,"36":3091.26171875,"49":4117.7529296875,"10":451.2710571289,"4":4584.4633789062,"24":25225.185546875,"21":27572.716796875,"55":24618.666015625,"39":38996.61328125,"58":5034.3291015625,"3":4788.9536132812,"37":37682.5390625,"17":33630.88671875,"47":30645.51171875,"8":2753.6098632812,"6":48286.65234375,"53":22523.76171875,"40":38476.91015625,"41":33593.7421875,"18":48199.86328125,"45":44866.31640625,"32":41273.4609375,"51":38015.72265625,"54":38800.9375,"52":40928.49609375,"28":57456.49609375,"12":50417.17578125,"26":33446.234375}}